Mean ,SD,Variance,Kurtosis,Median,Mode,sum,Skewness ,max,min,range,RMS, Impulse Factor,Shape factor,k factor,Std error,count,condition 
0.012772,0.437381,0.191302,5.342062,0.014769,-0.008984,153.258346,0.032538,4.004789,-2.741048,6.745836,0.003993,0.437549,313.571589,34.259759,1.752293,12000,A
0.014417,0.41808,0.174791,4.385488,0.01822,0.094777,173.007315,0.032495,2.631105,-2.109695,4.7408,0.003817,0.418311,182.496682,29.014552,1.10062,12000,A
0.014378,0.431913,0.186549,5.562181,0.015721,0.045721,172.5374,0.114481,4.449711,-2.17283,6.622541,0.003943,0.432134,309.478007,30.055013,1.922873,12000,A
0.01363,0.427076,0.182394,4.709016,0.021047,0.052514,163.556063,-0.03993,2.915184,-2.337422,5.252606,0.003899,0.427276,213.885129,31.348952,1.245588,12000,A
0.01205,0.422334,0.178366,4.681749,0.016703,0.086143,144.594708,-0.096269,2.863474,-2.747296,5.61077,0.003855,0.422488,237.641385,35.06254,1.209784,12000,A
0.012392,0.396955,0.157573,3.949061,0.009414,-0.029972,148.709332,0.024806,2.613432,-2.421622,5.035054,0.003624,0.397132,210.889143,32.046274,1.037877,12000,A
0.013633,0.413217,0.170748,5.54548,0.018756,0.025789,163.601049,0.085251,4.369021,-2.470714,6.839736,0.003772,0.413424,320.46407,30.32432,1.806259,12000,A
0.014269,0.408631,0.166979,5.08738,0.017893,0.011594,171.22584,-0.144716,3.345706,-2.771931,6.117637,0.00373,0.408863,234.476721,28.654308,1.367936,12000,A
0.01385,0.438996,0.192717,4.911728,0.020125,-0.009268,166.197093,-0.070698,2.990697,-2.318975,5.309672,0.004007,0.439196,215.938546,31.711465,1.313502,12000,A
0.01299,0.436189,0.190261,4.579413,0.01831,0.065724,155.874027,-0.009393,3.089357,-2.562293,5.65165,0.003982,0.436364,237.834873,33.5936,1.348084,12000,A
0.012162,0.432755,0.187277,5.84159,0.010574,-0.082544,145.946315,-0.011371,3.719817,-3.131284,6.851101,0.00395,0.432908,305.850842,35.59455,1.610338,12000,A
0.01352,0.4881,0.238242,5.062458,0.010247,-0.006571,162.235517,-0.075526,3.111374,-2.827569,5.938942,0.004456,0.488267,230.137544,36.115411,1.519181,12000,A
0.013053,0.435495,0.189656,4.37442,0.012478,0.05868,156.631055,0.018444,3.250259,-2.025078,5.275337,0.003976,0.435672,249.012639,33.37824,1.416048,12000,A
0.013027,0.434665,0.188934,5.245168,0.023725,0.021595,156.32847,-0.115782,3.557605,-2.813585,6.37119,0.003968,0.434843,273.086922,33.379145,1.546998,12000,A
0.012862,0.422174,0.178231,6.215699,0.011526,0.099382,154.347831,0.194176,4.676308,-2.888859,7.565167,0.003854,0.422353,363.566444,32.836438,1.975051,12000,A
0.014719,0.410808,0.168764,5.035555,0.013728,-0.035733,176.628281,-0.011103,3.073588,-2.528792,5.602379,0.00375,0.411055,208.817363,27.926775,1.263413,12000,A
0.014685,0.435338,0.189519,4.968124,0.010306,-0.011067,176.221561,-0.046113,3.368378,-2.508917,5.877295,0.003974,0.435567,229.373365,29.660415,1.467154,12000,A
0.015033,0.420886,0.177145,4.822993,0.014888,0.131835,180.397059,0.145404,3.248058,-2.366758,5.614816,0.003842,0.421137,216.060573,28.01401,1.367878,12000,A
0.01292,0.427542,0.182793,4.833362,0.006944,-0.003103,155.036904,0.143836,3.77962,-3.161156,6.940776,0.003903,0.42772,292.546083,33.105908,1.616618,12000,A
0.014101,0.422763,0.178728,4.428569,0.011318,0.085023,169.212056,0.188445,3.113099,-1.976105,5.089204,0.003859,0.42298,220.771452,29.996446,1.316779,12000,A
0.015329,0.412225,0.16993,4.247459,0.009384,0.021309,183.947988,0.113836,2.880671,-2.463931,5.344602,0.003763,0.412493,187.922967,26.909335,1.188257,12000,A
0.013469,0.410942,0.168874,5.296787,0.014918,0.096283,161.622373,0.100424,3.4981,-3.66362,7.16172,0.003751,0.411146,259.723913,30.526411,1.438229,12000,A
0.014525,0.437492,0.1914,5.973532,0.017209,0.046173,174.305783,0.163815,4.320048,-3.112778,7.432827,0.003994,0.437715,297.411715,30.134299,1.890951,12000,A
0.012723,0.443827,0.196983,4.259365,0.005814,-0.102667,152.680131,0.093766,2.377314,-2.736049,5.113364,0.004052,0.443991,186.846654,34.895775,1.055506,12000,A
0.01448,0.433865,0.188239,5.59212,0.014829,0.074367,173.763034,0.1264,4.696182,-3.204357,7.90054,0.003961,0.434089,324.316333,29.977981,2.03856,12000,A
0.014634,0.445338,0.198326,4.554799,0.014591,-0.001796,175.610559,0.132576,3.777775,-2.082025,5.8598,0.004065,0.44556,258.146795,30.446469,1.683226,12000,A
0.014275,0.443322,0.196534,4.047654,0.014442,0.048377,171.303733,-0.008439,2.691563,-2.758304,5.449867,0.004047,0.443533,188.546688,31.06996,1.193798,12000,A
0.011485,0.456331,0.208238,4.622876,0.010842,0.044906,137.816084,-0.068016,2.710307,-2.674342,5.384649,0.004166,0.456457,235.99337,39.744871,1.237138,12000,A
0.011817,0.426805,0.182162,4.406094,0.016882,0.082449,141.803723,0.044975,3.792473,-1.959503,5.751976,0.003896,0.426951,320.93429,36.130268,1.619198,12000,A
0.013078,0.434931,0.189165,5.094361,0.011288,0.071066,156.935664,0.076131,4.141294,-2.476962,6.618257,0.00397,0.43511,316.661796,33.270416,1.801917,12000,A
0.014758,0.424119,0.179877,4.0168,0.015067,0.121242,177.092067,0.009638,3.08531,-2.455005,5.540315,0.003872,0.424358,209.06483,28.75506,1.309275,12000,A
0.013607,0.410474,0.168489,4.10304,0.013996,-0.065681,163.28323,-0.059413,2.720423,-2.210735,4.931158,0.003747,0.410683,199.929125,30.181873,1.117231,12000,A
0.014247,0.408762,0.167087,3.827323,0.012062,0.125026,170.963897,0.048974,2.622179,-2.422574,5.044754,0.003731,0.408993,184.051438,28.707355,1.072454,12000,A
0.012984,0.420975,0.17722,4.512345,0.009771,0.019619,155.805001,0.09773,3.524222,-2.790378,6.3146,0.003843,0.421158,271.433329,32.4373,1.484254,12000,A
0.01373,0.422,0.178084,4.985951,0.014948,0.021362,164.762833,0.04329,3.450674,-2.959254,6.409928,0.003852,0.422206,251.319331,30.750066,1.456894,12000,A
0.013803,0.425248,0.180836,4.918819,0.019053,0.029222,165.638337,-0.055653,3.407889,-2.572052,5.979942,0.003882,0.425454,246.891346,30.822875,1.449901,12000,A
0.014037,0.427937,0.18313,5.000558,0.014234,0.028219,168.442294,0.105889,3.660907,-2.245903,5.906809,0.003907,0.428149,260.806698,30.501775,1.567414,12000,A
0.016311,0.406517,0.165256,5.595198,0.020035,0.025964,195.728165,0.091382,4.539862,-2.351584,6.891446,0.003711,0.406828,278.336743,24.942399,1.846941,12000,A
0.017251,0.433327,0.187773,5.793528,0.023963,0.037531,207.007365,-0.045593,4.039956,-2.575623,6.615579,0.003956,0.433653,234.192033,25.138389,1.751938,12000,A
0.018003,0.412418,0.170088,5.238562,0.017239,-0.021644,216.041662,0.066556,3.382778,-2.537956,5.920734,0.003765,0.412793,187.895871,22.928535,1.396388,12000,A
0.014886,0.411622,0.169433,4.255907,0.017893,-0.019331,178.634746,-0.061628,3.125,-2.440188,5.565188,0.003758,0.411874,209.925591,27.668131,1.287107,12000,A
0.013843,0.439074,0.192786,4.60629,0.0159,0.001839,166.112953,-0.012636,3.101912,-2.483806,5.585718,0.004008,0.439274,224.082148,31.73312,1.362588,12000,A
0.012835,0.418144,0.174845,5.190203,0.01703,0.080225,154.019956,0.058934,3.635974,-2.053224,5.689198,0.003817,0.418324,283.285921,32.592442,1.521015,12000,A
0.011998,0.409243,0.16748,4.681271,0.015929,0.093016,143.980552,-0.023367,3.48477,-2.6265,6.11127,0.003736,0.409402,290.436757,34.121402,1.42667,12000,A
0.011141,0.43456,0.188843,6.416072,0.014799,0.029707,133.692356,0.11374,4.733254,-3.171867,7.905122,0.003967,0.434685,424.848918,39.016578,2.057474,12000,A
0.012237,0.418209,0.174899,5.230816,0.015067,0.159619,146.839194,-0.030387,3.749867,-2.837744,6.587611,0.003818,0.418371,306.446835,34.190116,1.568835,12000,A
0.011537,0.41851,0.17515,4.604939,0.018339,0.061537,138.442915,0.045328,3.474357,-2.074944,5.549301,0.00382,0.418651,301.15144,36.288001,1.454544,12000,A
0.012195,0.424522,0.180219,5.059984,0.015394,-0.003881,146.336254,0.115136,3.674771,-2.306777,5.981548,0.003875,0.42468,301.341974,34.824967,1.5606,12000,A
0.011314,0.424454,0.180161,4.602778,0.012567,0.12659,135.773083,-0.046103,2.822772,-2.62406,5.446832,0.003875,0.424587,249.484398,37.526187,1.198513,12000,A
0.012846,0.423857,0.179655,4.989055,0.01108,-0.067416,154.153546,0.093369,3.981462,-2.107077,6.088539,0.003869,0.424034,309.934806,33.008712,1.688276,12000,A
0.011538,0.449007,0.201607,15.503774,0.014412,0.031373,138.453685,0.123863,6.45802,-4.164537,10.622557,0.449137,559.726822,38.927381,2.900533,0.004099,12000,B
0.014074,0.400719,0.160576,6.028345,0.012151,0.027002,168.88436,0.083395,3.557903,-2.920814,6.478716,0.400949,252.805121,28.489258,1.426538,0.003658,12000,B
0.013833,0.401124,0.1609,5.2529,0.013222,0.039622,165.994537,0.128985,4.142603,-2.528911,6.671514,0.401346,299.475149,29.013891,1.662616,0.003662,12000,B
0.014854,0.4428,0.196072,14.595221,0.013103,0.102165,178.251888,0.657272,5.350921,-3.621312,8.972233,0.443031,360.226495,29.825031,2.370622,0.004042,12000,B
0.014727,0.423432,0.179295,12.532133,0.020333,0.08133,176.721586,0.261371,5.365976,-3.667607,9.033583,0.423671,364.368116,28.7687,2.273408,0.003865,12000,B
0.017497,0.392116,0.153755,5.003093,0.010991,-0.031044,209.958538,0.159858,3.790271,-2.973119,6.76339,0.392489,216.629708,22.432395,1.487641,0.00358,12000,B
0.017735,0.430948,0.185716,10.502118,0.01828,0.030348,212.81837,0.519689,5.18133,-2.930454,8.111784,0.431295,292.155071,24.319032,2.234681,0.003934,12000,B
0.019851,0.411299,0.169167,13.162461,0.018161,0.040543,238.215835,0.358335,6.356504,-4.258556,10.61506,0.41176,320.205604,20.742209,2.617355,0.003755,12000,B
0.019235,0.421062,0.177293,6.630347,0.019708,0.036731,230.824484,0.145784,3.759269,-2.829294,6.588563,0.421483,195.435198,21.911877,1.584469,0.003844,12000,B
0.018329,0.400514,0.160412,7.702044,0.018072,-0.003229,219.946826,0.251725,4.67726,-2.579312,7.256572,0.400917,255.184937,21.873467,1.875191,0.003656,12000,B
0.016381,0.427995,0.18318,9.159819,0.013222,-0.011086,196.571535,0.09667,4.212582,-3.397631,7.610213,0.42829,257.163274,26.145624,1.804208,0.003907,12000,B
0.015512,0.395643,0.156533,7.130903,0.011705,0.048362,186.139872,0.233603,4.77949,-3.171986,7.951476,0.39593,308.122495,25.524706,1.892346,0.003612,12000,B
0.012621,0.406027,0.164858,7.121713,0.010485,-0.02292,151.457591,0.240024,3.921481,-3.059759,6.98124,0.406206,310.699324,32.183734,1.592929,0.003706,12000,B
0.010099,0.424467,0.180172,12.385389,0.010276,0.013014,121.193175,0.324225,5.160801,-4.461231,9.622033,0.42457,510.999183,42.038968,2.19112,0.003875,12000,B
0.012745,0.412181,0.169893,7.847264,0.014353,0.067031,152.938623,0.256094,4.504575,-2.953482,7.458057,0.412361,353.44178,32.355019,1.857511,0.003763,12000,B
0.013495,0.404747,0.16382,7.35858,0.011318,0.042215,161.940549,0.094428,3.878042,-4.197384,8.075426,0.404955,287.367826,30.007649,1.570431,0.003695,12000,B
0.01474,0.411223,0.169105,9.064265,0.012359,0.049644,176.882488,0.385908,4.815193,-3.619408,8.434601,0.41147,326.67067,27.914834,1.98131,0.003754,12000,B
0.014489,0.442512,0.195817,10.324989,0.011496,-0.01373,173.863598,0.474512,4.669584,-3.619467,8.289051,0.44273,322.292897,30.557079,2.067366,0.00404,12000,B
0.013459,0.434142,0.188479,10.040653,0.006766,0.037466,161.5133,0.541285,5.895336,-3.047977,8.943313,0.434332,438.007508,32.269699,2.560534,0.003963,12000,B
0.012157,0.415609,0.172731,8.564668,0.007509,0.008788,145.887107,0.390319,5.237742,-2.869163,8.106905,0.415769,430.832452,34.199249,2.177691,0.003794,12000,B
0.014635,0.415406,0.172562,8.342916,0.009027,0.051045,175.622341,0.38251,4.536886,-3.264577,7.801463,0.415647,309.998353,28.400493,1.885742,0.003792,12000,B
0.015342,0.432226,0.186819,12.982116,0.013043,0.01996,184.106808,0.693773,5.772517,-3.010012,8.78253,0.43248,376.250109,28.188849,2.496498,0.003946,12000,B
0.016815,0.40385,0.163095,9.090215,0.017239,0.016754,201.781893,0.388072,4.721115,-2.928252,7.649367,0.404183,280.765447,24.036825,1.908195,0.003687,12000,B
0.014614,0.437386,0.191306,9.94197,0.013519,0.077573,175.366765,0.452802,5.015191,-3.425182,8.440373,0.437611,343.179592,29.944883,2.194705,0.003993,12000,B
0.015429,0.403148,0.162529,7.190322,0.014144,0.004991,185.14613,0.220839,4.041503,-3.231492,7.272995,0.403427,261.944666,26.147566,1.63045,0.00368,12000,B
0.01497,0.454321,0.206408,11.59101,0.013043,-0.018502,179.635449,0.560818,5.215487,-3.158895,8.374382,0.454549,348.404727,30.364759,2.370694,0.004147,12000,B
0.015291,0.423501,0.179353,15.065668,0.015096,-0.018758,183.495985,0.563177,6.732876,-3.899619,10.632495,0.423759,440.306691,27.71236,2.853116,0.003866,12000,B
0.014055,0.456098,0.208026,12.340082,0.009681,-0.039121,168.665737,0.551809,5.595905,-3.718187,9.314092,0.456296,398.129825,32.463908,2.553388,0.004164,12000,B
0.013883,0.416438,0.173421,5.910703,0.013192,0.083422,166.598339,0.155674,3.831866,-3.046013,6.877879,0.416652,276.007486,30.011276,1.596556,0.003802,12000,B
0.011568,0.431313,0.186031,12.515007,0.009711,0.026838,138.816073,0.576524,5.809827,-3.748832,9.558659,0.43145,502.232372,37.296858,2.506652,0.003937,12000,B
0.012618,0.421372,0.177554,17.076499,0.009473,-0.004293,151.410404,0.853623,5.940263,-4.398096,10.338359,0.421543,470.794316,33.409338,2.504079,0.003847,12000,B
0.011702,0.432524,0.187077,8.599467,0.011437,-0.037923,140.428136,0.517606,4.58223,-2.810015,7.392244,0.432665,391.565082,36.972471,1.982569,0.003948,12000,B
0.011273,0.405255,0.164231,5.906366,0.007004,0.014543,135.271274,0.242405,4.140104,-2.568125,6.708229,0.405395,367.271236,35.962816,1.678376,0.003699,12000,B
0.010388,0.425579,0.181117,11.448466,0.013133,0.054633,124.661689,0.537952,5.523249,-2.825783,8.349032,0.425688,531.670853,40.976954,2.351181,0.003885,12000,B
0.010933,0.418823,0.175413,10.611704,0.009354,0.056954,131.201933,0.542229,5.4666,-2.792401,8.259001,0.418948,499.986503,38.317885,2.290223,0.003823,12000,B
0.011934,0.441319,0.194762,11.768861,0.011705,-0.063609,143.204422,0.419519,4.989782,-3.503313,8.493095,0.441462,418.125279,36.992844,2.202797,0.004029,12000,B
0.013026,0.440654,0.194176,8.907458,0.014412,0.01832,156.315319,0.448564,4.754379,-3.779061,8.53344,0.440828,364.983715,33.841461,2.095864,0.004023,12000,B
0.011733,0.459423,0.21107,10.915582,0.00745,-0.009987,140.799926,0.328377,4.631738,-4.209642,8.84138,0.459554,394.750613,39.166545,2.128533,0.004194,12000,B
0.011195,0.420173,0.176545,7.678863,0.00629,-0.03915,134.337098,0.137502,4.025556,-3.43262,7.458176,0.420304,359.59294,37.544745,1.691959,0.003836,12000,B
0.010735,0.461518,0.212999,16.902775,0.009949,0.022265,128.818799,0.404024,6.634156,-5.068306,11.702462,0.461623,617.99889,43.002105,3.062481,0.004213,12000,B
0.015339,0.448895,0.201506,8.245954,0.016108,0.032069,184.067296,0.328022,4.582884,-3.471656,8.05454,0.449138,298.774472,29.280902,2.058348,0.004098,12000,B
0.01531,0.445254,0.198251,10.534879,0.019053,0.039873,183.715679,0.210036,5.005789,-3.941808,8.947598,0.445498,326.969767,29.099214,2.230072,0.004065,12000,B
0.016213,0.409831,0.167962,5.226615,0.016078,-0.002497,194.561679,-0.004846,3.101139,-3.168832,6.269971,0.410135,191.269239,25.295937,1.271886,0.003741,12000,B
0.016432,0.481855,0.232185,10.567205,0.019381,0.05992,197.178015,0.310962,4.744858,-4.719664,9.464522,0.482115,288.765943,29.34092,2.287569,0.004399,12000,B
0.016814,0.414687,0.171965,5.255076,0.017715,-0.134419,201.762316,0.133343,3.57748,-2.55789,6.13537,0.41501,212.773919,24.683105,1.48469,0.003786,12000,B
0.014432,0.456324,0.208231,14.762938,0.018696,0.088358,173.182023,0.615694,7.281219,-4.046121,11.32734,0.456533,504.524788,31.633732,3.324115,0.004166,12000,B
0.014724,0.441465,0.194891,7.745928,0.014472,0.051361,176.691297,0.183261,4.151827,-3.512595,7.664422,0.441692,281.971549,29.997556,1.83383,0.00403,12000,B
0.012755,0.435846,0.189961,9.35686,0.008015,-0.021208,153.054123,0.25599,4.361405,-3.26053,7.621935,0.436014,341.950001,34.185089,1.901634,0.003979,12000,B
0.016271,0.440916,0.194406,8.193425,0.011913,0.023925,195.255691,0.334053,4.266494,-3.111886,7.378379,0.441197,262.209632,27.115048,1.882365,0.004025,12000,B
0.015839,0.4361,0.190183,6.73006,0.017179,0.022736,190.062888,0.143826,3.840554,-3.038396,6.87895,0.436369,242.481016,27.551053,1.6759,0.003981,12000,B
0.008511,0.614247,0.3773,7.234666,0.013281,0.001515,102.131077,-0.159014,4.229065,-4.487533,8.716598,0.614281,496.898467,72.175575,2.597833,0.005607,12000,C
0.010008,0.632552,0.400122,6.625486,0.015662,-0.089227,120.094228,-0.096515,3.95284,-4.739777,8.692617,0.632605,394.973884,63.210867,2.500587,0.005774,12000,C
0.01069,0.623229,0.388414,7.187847,0.02194,0.103558,128.28087,-0.179026,4.5016,-4.956555,9.458155,0.623295,421.100946,58.305932,2.805823,0.005689,12000,C
0.009976,0.705534,0.497778,5.92704,0.012895,-0.037584,119.712203,-0.143256,3.677866,-4.312349,7.990214,0.705575,368.670745,70.727109,2.595009,0.006441,12000,C
0.009208,0.609809,0.371867,6.127393,0.017387,-0.0424,110.499092,-0.18735,3.883576,-3.890634,7.77421,0.609853,421.749271,66.228939,2.368411,0.005567,12000,C
0.010484,0.745257,0.555408,6.261338,0.022356,-0.020693,125.810144,-0.273556,4.182888,-4.309195,8.492083,0.7453,398.971493,71.088032,3.117505,0.006803,12000,C
0.009877,0.674645,0.455146,7.189895,0.018042,0.038415,118.520844,-0.289862,4.800377,-5.224805,10.025182,0.674689,486.028588,68.310962,3.238763,0.006159,12000,C
0.010576,0.606993,0.368441,7.38764,0.015483,-0.023597,126.909567,-0.143896,4.364559,-4.873664,9.238222,0.60706,412.693103,57.400872,2.649549,0.005541,12000,C
0.010226,0.600744,0.360894,7.906531,0.014888,-0.072556,122.712468,-0.228769,4.436977,-4.67319,9.110167,0.600806,433.890064,58.752599,2.665764,0.005484,12000,C
0.009752,0.692183,0.479117,6.169205,0.009592,-0.053547,117.025413,-0.139033,4.0227,-4.212142,8.234841,0.692223,412.494992,70.981797,2.784605,0.006319,12000,C
0.01017,0.791729,0.626835,5.625336,0.015632,0.061817,122.042913,-0.212513,4.152362,-4.644508,8.79687,0.791761,408.285448,77.850772,3.287679,0.007227,12000,C
0.009707,0.642261,0.412499,6.85987,0.011496,-0.061243,116.485698,-0.021346,4.724031,-4.390777,9.114808,0.642307,486.655216,66.168527,3.034279,0.005863,12000,C
0.010372,0.701085,0.49152,6.207462,0.013311,-0.035772,124.462583,-0.105392,5.072674,-3.968824,9.041497,0.701132,489.079374,67.599325,3.556615,0.0064,12000,C
0.0109,0.732354,0.536342,6.003679,0.0195,0.024635,130.800093,-0.045469,4.250249,-4.286345,8.536594,0.732404,389.930786,67.192998,3.1129,0.006685,12000,C
0.010671,0.776817,0.603445,5.689231,0.014025,0.006246,128.054868,-0.084457,4.495233,-4.221246,8.716479,0.776858,421.247482,72.799226,3.492157,0.007091,12000,C
0.010606,0.68291,0.466366,6.933441,0.021404,-0.055223,127.26779,-0.22104,4.366284,-5.351314,9.717598,0.682964,411.6942,64.396248,2.982015,0.006234,12000,C
0.010538,0.71066,0.505038,6.42651,0.013758,-0.017684,126.455064,-0.185342,4.469348,-4.782263,9.251611,0.710709,424.120399,67.442946,3.176403,0.006487,12000,C
0.008606,0.572703,0.327988,8.763834,0.00864,-0.01273,103.274237,-0.11577,4.64358,-4.397799,9.041378,0.572743,539.562991,66.5502,2.65958,0.005228,12000,C
0.009416,0.514553,0.264765,9.530042,0.007688,-0.04117,112.988681,0.037265,3.994554,-3.69254,7.687094,0.514618,424.242881,54.655169,2.055669,0.004697,12000,C
0.007163,0.522831,0.273352,9.954816,0.011229,0.07196,85.96041,0.166383,4.30541,-4.077659,8.383069,0.522858,601.031591,72.990504,2.251117,0.004773,12000,C
0.008926,0.526194,0.27688,12.072448,0.013281,0.054862,107.106805,0.252855,4.672083,-4.655636,9.327719,0.526247,523.449407,58.959559,2.458672,0.004803,12000,C
0.006871,0.561127,0.314863,10.617709,0.005665,-0.016603,82.456669,0.157152,4.793474,-4.197325,8.990799,0.561145,697.598968,81.664011,2.689835,0.005122,12000,C
0.00894,0.540349,0.291977,9.318766,0.015394,0.057321,107.27824,0.104858,4.397108,-3.869152,8.26626,0.5404,491.854608,60.448443,2.376198,0.004933,12000,C
0.01007,0.535434,0.28669,13.510685,0.016405,-0.019049,120.842331,0.122348,4.375746,-4.685686,9.061432,0.535507,434.52445,53.177403,2.343241,0.004888,12000,C
0.009789,0.53594,0.287231,9.320573,0.017685,-0.021651,117.470097,0.185819,4.711535,-3.816728,8.528263,0.536007,481.300521,54.755064,2.525415,0.004892,12000,C
0.012005,0.502021,0.252025,12.833683,0.017179,-0.046736,144.064514,0.088689,4.525461,-4.90175,9.427212,0.502144,376.952897,41.826584,2.272433,0.004583,12000,C
0.010406,0.508541,0.258614,11.201833,0.016286,-0.054159,124.874242,0.090314,4.417221,-3.940499,8.35772,0.508626,424.480261,48.877277,2.246714,0.004642,12000,C
0.010728,0.467697,0.21874,9.13092,0.018875,-0.000374,128.740193,-0.101573,3.535112,-4.592441,8.127553,0.4678,329.511267,43.604108,1.653726,0.004269,12000,C
0.009352,0.464415,0.215681,8.058563,0.012597,-0.060409,112.226892,-0.003329,4.470597,-3.409413,7.88001,0.46449,478.024175,49.666157,2.076547,0.00424,12000,C
0.010661,0.45341,0.205581,8.020421,0.010812,-0.011159,127.930859,0.017474,4.927956,-3.514976,8.442932,0.453517,462.245588,42.540182,2.234911,0.004139,12000,C
0.008515,0.466087,0.217237,11.083177,0.014234,-0.012008,102.1813,-0.013404,5.784954,-4.475156,10.26011,0.466145,679.375251,54.743325,2.696629,0.004255,12000,C
0.009967,0.432451,0.187014,7.971126,0.015989,0.050541,119.608961,-0.122184,4.465658,-3.635474,8.101133,0.432548,448.025798,43.396241,1.931613,0.003948,12000,C
0.00876,0.422478,0.178488,5.613456,0.011526,0.114794,105.121048,-0.122606,2.829675,-3.271182,6.100857,0.422552,323.019016,48.236002,1.195684,0.003857,12000,C
0.009678,0.375383,0.140913,3.309289,0.012954,-0.004168,116.133247,-0.126928,1.53198,-1.571349,3.103329,0.375493,158.29883,38.799484,0.575247,0.003427,12000,C
0.010376,0.372831,0.139003,3.363476,0.015364,0.016561,124.509355,-0.085131,1.419812,-1.733561,3.153373,0.37296,136.839065,35.945216,0.529533,0.003403,12000,C
0.011706,0.370225,0.137067,3.437561,0.014144,-0.000698,140.473479,-0.135476,1.526267,-1.688396,3.214663,0.370395,130.381955,31.641117,0.565321,0.00338,12000,C
0.010169,0.367621,0.135145,3.22499,0.016108,-0.003019,122.030595,-0.106252,1.425941,-1.460847,2.886788,0.367746,140.221331,36.162706,0.524385,0.003356,12000,C
0.010006,0.369619,0.136618,3.452464,0.012657,0.047232,120.069176,-0.096656,1.741201,-1.680958,3.422159,0.369739,174.019778,36.952586,0.64379,0.003374,12000,C
0.009298,0.371924,0.138327,3.525568,0.013133,0.060516,111.579057,-0.129051,1.511272,-1.748854,3.260126,0.372025,162.532853,40.010172,0.562231,0.003395,12000,C
0.008838,0.364719,0.13302,3.362201,0.006855,-0.026541,106.056295,-0.049237,1.507999,-1.722612,3.230611,0.364811,170.626257,41.277404,0.550134,0.003329,12000,C
0.007793,0.362894,0.131692,3.464521,0.013638,0.060182,93.521411,-0.151251,1.449327,-1.819249,3.268575,0.362962,185.967255,46.572741,0.526051,0.003313,12000,C
0.00773,0.372409,0.138689,3.570998,0.011377,0.037147,92.76105,-0.131622,1.380955,-2.021091,3.402046,0.372474,178.646736,48.184984,0.51437,0.0034,12000,C
0.008436,0.370914,0.137577,3.698956,0.007747,-0.003844,101.230938,-0.118794,1.681993,-1.793959,3.475952,0.370994,199.384858,43.977947,0.624009,0.003386,12000,C
0.008575,0.377768,0.142709,3.876974,0.016763,0.015642,102.900483,-0.202508,1.829329,-1.988958,3.818287,0.37785,213.331773,44.063879,0.691211,0.003449,12000,C
0.008613,0.372376,0.138664,3.571745,0.013222,0.035703,103.357663,-0.12553,1.602018,-1.840433,3.44245,0.37246,185.99697,43.24322,0.596687,0.003399,12000,C
0.008565,0.366451,0.134286,3.39283,0.00861,-0.008515,102.777604,-0.080103,1.5969,-1.855606,3.452507,0.366536,186.449205,42.795574,0.585321,0.003345,12000,C
0.009375,0.364109,0.132575,3.305046,0.013758,0.160339,112.497166,-0.08479,1.603743,-1.960217,3.56396,0.364214,171.070266,38.850492,0.584106,0.003324,12000,C
0.009367,0.369219,0.136323,3.567566,0.011734,-0.042368,112.40172,-0.109569,1.80142,-2.08024,3.88166,0.369322,192.319529,39.428823,0.665305,0.00337,12000,C
0.00941,0.383555,0.147115,3.850652,0.0098,-0.015004,112.920786,-0.167051,1.727693,-2.18848,3.916173,0.383655,183.600552,40.770654,0.662837,0.003501,12000,C
0.009797,0.378187,0.143025,3.989343,0.012151,0.008487,117.566793,-0.133351,1.925549,-1.947304,3.872853,0.378298,196.540075,38.612711,0.728431,0.003452,12000,C
0.014411,0.623034,0.388171,14.878606,0.015186,0.080829,172.934361,0.679571,6.591312,-4.731267,11.32258,0.623175,457.374391,43.242394,4.107539,0.005687,12000,D
0.013502,0.587065,0.344646,24.626999,0.010009,-0.007448,162.020346,0.103525,6.179059,-6.071449,12.250508,0.587196,457.650561,43.490543,3.628319,0.005359,12000,D
0.01406,0.564064,0.318169,17.979853,0.016941,0.023849,168.715781,0.625589,8.114057,-5.258188,13.372245,0.564216,577.116636,40.130164,4.578081,0.005149,12000,D
0.01284,0.531012,0.281974,14.363461,0.017834,-0.064551,154.081068,0.268261,5.494389,-4.705501,10.19989,0.531145,427.908927,41.366162,2.918318,0.004847,12000,D
0.012889,0.5419,0.293655,15.672421,0.014739,-0.063709,154.669815,0.162431,5.368416,-5.388267,10.756683,0.54203,416.50653,42.053223,2.909844,0.004947,12000,D
0.012863,0.516408,0.266678,18.901682,0.015126,0.11585,154.355924,0.084873,5.413045,-4.872771,10.285816,0.516547,420.823091,40.157609,2.796092,0.004714,12000,D
0.012357,0.577355,0.333338,24.72792,0.011199,-0.090223,148.286665,0.400023,6.97661,-7.29982,14.27643,0.577463,564.577552,46.730791,4.028733,0.005271,12000,D
0.012387,0.599211,0.359054,31.121064,0.01712,0.079908,148.646494,0.450171,7.947263,-7.038175,14.985438,0.599314,641.570183,48.381682,4.762906,0.00547,12000,D
0.012441,0.631572,0.398883,30.832046,0.013073,0.049787,149.288141,0.524093,7.402372,-7.757596,15.159968,0.631668,595.013507,50.774413,4.675842,0.005765,12000,D
0.014115,0.56487,0.319079,18.681024,0.016882,-0.02438,169.383789,0.460945,6.362276,-5.802782,12.165058,0.565023,450.735635,40.029088,3.594834,0.005157,12000,D
0.014817,0.524686,0.275295,18.593835,0.014888,0.022814,177.799051,0.265643,6.030949,-5.635334,11.666283,0.524873,407.040379,35.424692,3.165483,0.00479,12000,D
0.016288,0.582076,0.338812,15.550528,0.01712,0.018386,195.450274,0.549662,6.35329,-5.270387,11.623677,0.58228,390.071011,35.750036,3.699391,0.005314,12000,D
0.016285,0.584926,0.342138,18.539211,0.01828,-0.023626,195.423497,0.560057,7.598204,-6.134822,13.733027,0.585128,466.568513,35.929842,4.445922,0.00534,12000,D
0.016324,0.544507,0.296488,14.34823,0.018637,0.024776,195.886033,0.325165,6.263378,-4.778396,11.041773,0.544729,383.695213,33.370179,3.411846,0.004971,12000,D
0.016205,0.58032,0.336771,16.152677,0.018399,-0.030986,194.465756,0.350813,5.526819,-4.670988,10.197807,0.580522,341.046318,35.822565,3.208439,0.005298,12000,D
0.015874,0.537944,0.289383,17.24432,0.016495,0.043991,190.493053,0.135027,5.034054,-6.179571,11.213625,0.538155,317.117359,33.900787,2.709103,0.004911,12000,D
0.015697,0.542811,0.294644,15.10623,0.016584,0.097111,188.362698,0.456246,6.119256,-4.930551,11.049807,0.543015,389.838684,34.593798,3.322848,0.004955,12000,D
0.014555,0.568233,0.322888,20.366617,0.014204,-0.009632,174.656032,0.706915,8.001413,-6.177428,14.178842,0.568395,549.748879,39.052439,4.547966,0.005187,12000,D
0.012535,0.593009,0.351659,14.15031,0.015929,0.109565,150.418269,0.432497,6.655995,-4.534483,11.190477,0.593116,530.998911,47.317363,3.947779,0.005413,12000,D
0.010654,0.519177,0.269544,19.560066,0.012567,0.029634,127.851419,0.98322,7.211121,-4.098308,11.309429,0.519264,676.828265,48.737613,3.744479,0.004739,12000,D
0.008524,0.553989,0.306903,12.655258,0.013341,0.086989,102.289243,0.175865,5.07434,-5.208858,10.283198,0.554031,595.293058,64.99581,2.811342,0.005057,12000,D
0.008135,0.605207,0.366276,13.615231,0.009652,0.055257,97.615982,0.394244,5.897955,-5.230994,11.128949,0.605237,725.039644,74.402173,3.569659,0.005525,12000,D
0.009833,0.54697,0.299177,16.518111,0.010395,-0.026802,118.000172,0.154735,5.392337,-5.555418,10.947755,0.547036,548.372442,55.6307,2.949802,0.004993,12000,D
0.011319,0.654887,0.428877,19.697837,0.010038,-0.03154,135.825805,0.626022,6.819397,-7.306247,14.125644,0.654957,602.483165,57.864456,4.466413,0.005978,12000,D
0.011687,0.647209,0.418879,19.39991,0.00742,-0.085556,140.241348,0.457715,7.446584,-6.373856,13.82044,0.647287,637.180208,55.386278,4.820079,0.005908,12000,D
0.012859,0.563631,0.317679,18.972485,0.014591,0.110233,154.30582,0.211248,6.289679,-5.260687,11.550366,0.563754,489.133526,43.841805,3.545831,0.005145,12000,D
0.013675,0.714633,0.5107,14.974975,0.008967,-0.024986,164.101311,0.642754,7.1559,-5.553633,12.709533,0.714734,523.279191,52.26531,5.114564,0.006524,12000,D
0.013318,0.55643,0.309615,25.210058,0.014501,0.05308,159.817989,0.477404,7.157031,-6.637049,13.794079,0.556567,537.388619,41.790038,3.983365,0.005079,12000,D
0.014024,0.590486,0.348674,25.407086,0.011764,-0.070463,168.286389,0.218908,7.707694,-6.830917,14.538612,0.590628,549.612663,42.115924,4.552381,0.00539,12000,D
0.014386,0.580765,0.337287,31.34529,0.01221,-0.064279,172.629395,0.599757,9.290301,-7.564798,16.8551,0.580919,645.797411,40.381433,5.396908,0.005302,12000,D
0.013143,0.596526,0.355843,24.043474,0.0087,0.057866,157.713876,0.293605,6.934183,-6.163564,13.097746,0.596646,527.602233,45.397087,4.137252,0.005446,12000,D
0.013077,0.573274,0.328643,23.2719,0.016703,0.053019,156.923406,0.181855,6.991427,-7.02556,14.016987,0.573399,534.637417,43.848097,4.00888,0.005233,12000,D
0.012496,0.696565,0.485203,12.555064,0.011615,0.029416,149.953174,0.554125,6.197743,-4.529782,10.727525,0.696648,495.974287,55.749232,4.317645,0.006359,12000,D
0.014137,0.82399,0.67896,15.504257,0.012389,0.055658,169.645018,0.766945,8.5998,-5.522749,14.122549,0.824077,608.31495,58.291865,7.086898,0.007522,12000,D
0.014435,0.758896,0.575923,13.164361,0.010901,-0.042296,173.217666,0.710664,6.50497,-4.498839,11.003809,0.759001,450.64479,52.581331,4.937281,0.006928,12000,D
0.012685,0.626031,0.391915,15.181769,0.016019,0.00678,152.216167,0.533951,6.670514,-5.123706,11.79422,0.626134,525.871665,49.361425,4.176635,0.005715,12000,D
0.013626,0.709177,0.502933,17.93564,0.012538,0.035161,163.516253,0.663571,6.959651,-5.983322,12.942973,0.709279,510.749308,52.05198,4.936333,0.006474,12000,D
0.011787,0.592551,0.351116,14.783478,0.017536,0.024313,141.441038,0.557095,6.643737,-4.481344,11.125081,0.592643,563.661303,50.280438,3.937365,0.005409,12000,D
0.009512,0.690258,0.476456,14.263154,0.006468,-0.042,114.149395,0.632471,7.621887,-5.478775,13.100662,0.690295,801.253904,72.567525,5.26135,0.006301,12000,D
0.008818,0.625778,0.391598,15.033914,0.011615,0.004321,105.819166,0.562432,6.650104,-5.543993,12.194096,0.625814,754.128458,70.967947,4.161729,0.005713,12000,D
0.01039,0.579151,0.335416,14.65497,0.01221,-0.09467,124.675791,0.755,6.427077,-4.17739,10.604468,0.579221,618.603871,55.749766,3.722695,0.005287,12000,D
0.011203,0.597823,0.357393,16.42688,0.01465,-0.019959,134.434746,0.29115,6.548587,-6.205872,12.754459,0.597903,584.544184,53.370437,3.915423,0.005457,12000,D
0.012118,0.566042,0.320404,12.411476,0.012567,0.019032,145.418799,0.515544,6.24267,-3.877066,10.119736,0.566149,515.146863,46.718737,3.534278,0.005167,12000,D
0.012212,0.686804,0.4717,12.564727,0.0134,-0.039938,146.54607,0.427679,6.043565,-5.118826,11.162391,0.686884,494.88038,56.245876,4.15123,0.00627,12000,D
0.010174,0.755188,0.570309,13.764921,0.008997,0.074915,122.087423,0.63547,6.799224,-5.769578,12.568802,0.755225,668.297281,74.231239,5.134945,0.006894,12000,D
0.011722,0.580138,0.33656,14.78034,0.012716,-0.024085,140.658779,0.391243,6.041422,-5.295974,11.337396,0.580232,515.410906,49.501257,3.505428,0.005296,12000,D
0.012338,0.876043,0.767451,13.121311,0.006022,-0.046066,148.052035,0.643288,7.818612,-5.399335,13.217947,0.876093,633.71874,71.0096,6.849831,0.007997,12000,D
0.012497,0.573812,0.32926,13.843295,0.011377,0.024255,149.967634,0.50603,5.739254,-4.942988,10.682241,0.573924,459.239385,45.92381,3.293894,0.005238,12000,D
0.013746,0.671711,0.451196,13.013242,0.018101,0.108987,164.956048,0.464785,5.603046,-5.276278,10.879323,0.671824,407.602808,48.87293,3.764259,0.006132,12000,D
0.013983,0.728803,0.531155,14.69978,0.013252,0.038839,167.797612,0.682258,7.863063,-4.655695,12.518758,0.728907,562.324784,52.127602,5.731444,0.006653,12000,D
0.0116,0.421122,0.177343,6.964169,0.004296,-0.048699,139.198991,0.179982,3.504288,-3.394715,6.899003,0.421264,302.095998,36.316116,1.47623,0.003844,12000,E
0.011038,0.443952,0.197093,11.577659,0.010217,0.07848,132.45256,-0.077421,3.425265,-4.268493,7.693758,0.44407,310.323781,40.232109,1.521059,0.004053,12000,E
0.011609,0.448896,0.201508,12.206585,0.003136,-0.018761,139.305625,0.23653,5.360263,-4.160134,9.520397,0.449027,461.741305,38.679916,2.406906,0.004098,12000,E
0.011294,0.487602,0.237755,17.115491,0.005189,-0.0442,135.533336,0.194601,5.346696,-5.328345,10.675041,0.487712,473.391683,43.181595,2.607649,0.004451,12000,E
0.010876,0.424194,0.179941,9.665856,0.010723,-0.005866,130.509706,0.029965,4.513084,-4.09444,8.607524,0.424316,414.965384,39.014659,1.914974,0.003872,12000,E
0.010976,0.474348,0.225006,13.113703,0.007361,-0.098731,131.712371,-0.032775,4.327665,-4.798925,9.12659,0.474455,394.283254,43.226499,2.053284,0.00433,12000,E
0.011342,0.44164,0.195046,13.966692,0.009057,-0.053162,136.102624,0.218595,4.967289,-4.595476,9.562765,0.441768,437.959757,38.950112,2.194388,0.004032,12000,E
0.011528,0.481252,0.231604,16.647309,0.017298,0.053512,138.336459,0.364423,5.812029,-4.754058,10.566087,0.48137,504.164603,41.756491,2.797739,0.004393,12000,E
0.011024,0.43283,0.187342,11.570979,0.012032,-0.079462,132.28767,-0.063781,4.292974,-3.879804,8.172777,0.432953,389.421646,39.273729,1.858654,0.003951,12000,E
0.011791,0.472987,0.223717,16.245872,0.013014,0.056972,141.487749,0.360863,6.024285,-3.839042,9.863327,0.473115,510.937647,40.126272,2.850177,0.004318,12000,E
0.011088,0.440983,0.194466,12.168999,0.014769,0.043434,133.052494,0.29273,5.747941,-3.680996,9.428937,0.441104,518.406651,39.783151,2.53544,0.004026,12000,E
0.01078,0.471262,0.222088,13.092916,0.017447,0.036311,129.357205,0.235494,4.882851,-4.009883,8.892734,0.471366,452.964437,43.726926,2.30161,0.004302,12000,E
0.010032,0.484788,0.235019,18.291353,0.007569,-0.072074,120.384615,0.379713,5.907952,-4.676165,10.584117,0.484872,588.907643,48.332257,2.864598,0.004425,12000,E
0.011703,0.445228,0.198228,11.20966,0.014382,-9.98E-06,140.438014,0.06946,5.318491,-4.440226,9.758717,0.445363,454.448801,38.054921,2.36866,0.004064,12000,E
0.011357,0.449626,0.202163,14.820354,0.016286,0.084684,136.280189,0.474186,6.484143,-4.455102,10.939245,0.449751,570.953978,39.602289,2.916247,0.004105,12000,E
0.012002,0.527461,0.278215,13.961887,0.011943,0.004502,144.023098,0.452457,6.366441,-5.096512,11.462953,0.527575,530.451679,43.957542,3.358776,0.004815,12000,E
0.011862,0.477693,0.22819,15.475038,0.011318,0.007449,142.345342,0.511106,5.761747,-4.42285,10.184597,0.47782,485.726894,40.28118,2.753077,0.004361,12000,E
0.012398,0.54448,0.296459,14.058273,0.019916,0.101428,148.779251,0.136954,5.101891,-5.425398,10.527289,0.544599,411.50018,43.925389,2.778484,0.00497,12000,E
0.012318,0.540072,0.291678,14.332274,0.01221,-0.07606,147.811811,0.364744,5.680998,-4.882411,10.563409,0.54019,461.207893,43.854976,3.06882,0.00493,12000,E
0.012429,0.498328,0.248331,19.708942,0.017655,-0.00183,149.151755,0.38091,6.8623,-5.96785,12.83015,0.498462,552.106157,40.103751,3.420596,0.004549,12000,E
0.011229,0.48213,0.232449,15.029788,0.013728,0.111489,134.743877,0.264314,5.708251,-4.752987,10.461238,0.482241,508.364592,42.947309,2.75275,0.004401,12000,E
0.012008,0.464697,0.215943,12.304597,0.016435,-0.039639,144.096409,-0.047504,4.526889,-4.69842,9.22531,0.464833,376.988392,38.71013,2.104246,0.004242,12000,E
0.010468,0.48249,0.232796,16.647763,0.011496,-0.033097,125.621571,0.119708,5.429766,-4.781192,10.210958,0.482583,518.678351,46.098744,2.620313,0.004405,12000,E
0.010684,0.485491,0.235701,22.442638,0.012181,-0.028858,128.212558,0.088391,5.699564,-6.111615,11.811179,0.485588,533.448233,45.448412,2.76764,0.004432,12000,E
0.011624,0.471459,0.222274,16.932237,0.010187,-0.049422,139.485629,0.521948,6.357991,-4.410771,10.768762,0.471583,546.980343,40.570449,2.99832,0.004304,12000,E
0.011887,0.533361,0.284474,19.668465,0.010723,0.020847,142.641441,0.747169,6.760962,-4.198574,10.959537,0.533472,568.779647,44.879381,3.606782,0.004869,12000,E
0.01248,0.546743,0.298928,17.567472,0.012924,-0.058511,149.763173,0.551546,6.220236,-5.092822,11.313059,0.546862,498.405808,43.818175,3.401613,0.004991,12000,E
0.011265,0.475477,0.226078,12.428676,0.010574,0.090831,135.174577,0.081409,5.373593,-4.884196,10.257789,0.47559,477.035792,42.220099,2.555629,0.00434,12000,E
0.011218,0.519185,0.269553,19.257905,0.015543,0.074103,134.61713,0.502488,7.609927,-5.495853,13.10578,0.519285,678.361817,46.289921,3.951719,0.004739,12000,E
0.011205,0.479382,0.229807,12.000113,0.010336,-0.010306,134.457299,0.063258,4.320227,-4.428325,8.748552,0.479493,385.570175,42.793635,2.071519,0.004376,12000,E
0.01076,0.558761,0.312214,24.744347,0.008759,0.01266,129.1243,1.422589,8.322802,-3.98852,12.311322,0.558841,773.468863,51.935178,4.651124,0.005101,12000,E
0.01086,0.502082,0.252086,12.888118,0.013936,-0.021708,130.316076,0.42056,5.512776,-4.459268,9.972044,0.502178,507.637376,46.242475,2.768396,0.004583,12000,E
0.011409,0.470844,0.221694,15.35032,0.010991,0.104737,136.903746,0.209113,5.021439,-4.714606,9.736045,0.470962,440.143338,41.281158,2.364908,0.004298,12000,E
0.011434,0.462792,0.214176,11.903255,0.012538,-0.006299,137.20889,0.28771,4.641021,-3.886171,8.527192,0.462914,405.893897,40.485476,2.148393,0.004225,12000,E
0.011767,0.544498,0.296478,17.829631,0.014263,-0.08385,141.207895,0.638657,6.810411,-4.585062,11.395474,0.544602,578.756145,46.280886,3.708965,0.004971,12000,E
0.011001,0.539953,0.291549,17.368947,0.015215,0.092827,132.011684,0.719436,7.303712,-4.421303,11.725015,0.540043,663.915023,49.090445,3.944316,0.004929,12000,E
0.010506,0.539511,0.291073,16.422979,0.015781,0.110937,126.068517,0.650147,6.909548,-3.968229,10.877776,0.539591,657.694502,51.361709,3.728331,0.004925,12000,E
0.010252,0.475533,0.226132,15.499857,0.011913,0.026548,123.025705,0.14705,5.690578,-4.896395,10.586973,0.475624,555.062363,46.392603,2.706573,0.004341,12000,E
0.010107,0.446804,0.199634,10.611334,0.012151,0.03081,121.288622,-0.214278,3.807826,-4.314789,8.122614,0.4469,376.736956,44.215183,1.701717,0.004079,12000,E
0.010426,0.493277,0.243322,16.509754,0.018875,0.103355,125.117203,0.098619,5.011799,-4.90425,9.916049,0.493367,480.682048,47.318851,2.472656,0.004503,12000,E
0.010318,0.455978,0.207916,13.912293,0.012448,0.03863,123.816354,0.106403,4.327249,-4.336627,8.663876,0.456076,419.387118,44.201822,1.973553,0.004162,12000,E
0.010657,0.485562,0.235771,14.388674,0.014829,0.061104,127.889086,0.158847,5.28969,-4.483367,9.773057,0.485659,496.338516,45.570037,2.568987,0.004433,12000,E
0.010516,0.564133,0.318246,16.556146,0.013609,0.031946,126.192466,0.617787,8.207183,-4.086407,12.29359,0.564207,780.444342,53.652061,4.630551,0.00515,12000,E
0.01092,0.531711,0.282716,17.353734,0.013698,-0.007747,131.037401,0.529119,7.404216,-3.911758,11.315974,0.531801,678.055243,48.700657,3.937567,0.004854,12000,E
0.010768,0.559209,0.312715,17.495637,0.011586,0.070022,129.214987,0.566021,7.057538,-4.886934,11.944471,0.559289,655.422821,51.940365,3.947206,0.005105,12000,E
0.010835,0.488791,0.238917,16.214132,0.014263,0.075406,130.017894,0.326233,5.733006,-4.841947,10.574953,0.488891,529.127685,45.122152,2.802813,0.004462,12000,E
0.01026,0.455359,0.207352,12.884782,0.012359,0.076294,123.12496,-0.095831,3.848289,-4.822965,8.671254,0.455455,375.061812,44.389567,1.752724,0.004157,12000,E
0.010915,0.609355,0.371313,18.732575,0.013817,0.04487,130.983727,0.962263,7.37857,-4.546146,11.924715,0.609427,675.983471,55.832302,4.496699,0.005563,12000,E
0.011144,0.533788,0.28493,20.315567,0.014115,0.076965,133.728238,0.711676,8.464485,-4.539422,13.003906,0.533882,759.553984,47.907494,4.519037,0.004873,12000,E
0.011425,0.566306,0.320702,13.40595,0.0087,0.014649,137.102138,0.495057,5.586622,-3.938119,9.524741,0.566397,488.974623,49.574495,3.164248,0.00517,12000,E
0.010849,0.395168,0.156158,3.582013,0.011169,-0.025846,130.190043,0.042907,2.095318,-1.726599,3.821917,0.3953,193.13163,36.436004,0.82828,0.003607,12000,F
0.010611,0.394372,0.15553,3.588835,0.008432,-0.057855,127.329199,0.055625,2.481389,-1.715709,4.197098,0.394499,233.855803,37.179088,0.978905,0.0036,12000,F
0.009881,0.405162,0.164156,3.846201,0.011496,0.071507,118.568865,-0.009113,2.370769,-2.682554,5.053323,0.405266,239.938405,41.015714,0.960791,0.003699,12000,F
0.010014,0.397912,0.158334,3.903689,0.00867,-0.067312,120.169562,0.099644,3.024317,-1.768907,4.793224,0.398021,302.004976,39.745976,1.203743,0.003632,12000,F
0.012439,0.404411,0.163548,3.968647,0.014204,-0.011389,149.272432,0.023528,3.15636,-1.832221,4.988581,0.404585,253.739532,32.524569,1.277016,0.003692,12000,F
0.013074,0.401014,0.160813,3.895581,0.012002,0.026008,156.893534,0.051197,2.806527,-1.866615,4.673142,0.401211,214.657196,30.686601,1.126009,0.003661,12000,F
0.01432,0.396286,0.157043,3.482818,0.015126,-0.0239,171.837616,0.009189,2.407484,-1.678875,4.086359,0.396528,168.122694,27.69091,0.954635,0.003618,12000,F
0.012498,0.402826,0.162269,4.105476,0.009979,-0.001152,149.976024,0.067635,3.565519,-1.964204,5.529723,0.403003,285.287142,32.245429,1.436917,0.003677,12000,F
0.010906,0.401308,0.161048,4.093804,0.009652,-0.077298,130.875367,0.073376,3.028661,-2.373006,5.401667,0.401439,277.6988,36.808065,1.215823,0.003663,12000,F
0.010985,0.396388,0.157123,4.113629,0.0098,-0.029133,131.818469,0.134992,2.663655,-1.787235,4.450889,0.396523,242.483886,36.097217,1.056201,0.003619,12000,F
0.012242,0.412414,0.170085,4.791489,0.012686,0.018053,146.905245,0.119239,3.215032,-2.24989,5.464922,0.412578,262.620886,33.701567,1.326452,0.003765,12000,F
0.011304,0.405353,0.164311,3.871498,0.009176,0.026067,135.643064,0.12332,2.6486,-1.61568,4.26428,0.405494,234.314939,35.872994,1.07399,0.0037,12000,F
0.011779,0.395629,0.156523,3.435426,0.007866,-0.030983,141.344817,0.009641,1.843907,-1.727313,3.57122,0.395788,156.545453,33.601921,0.729797,0.003612,12000,F
0.010824,0.403771,0.163031,4.20439,0.010217,-0.039027,129.88835,0.0915,2.851989,-2.175865,5.027854,0.403899,263.486848,37.315065,1.151917,0.003686,12000,F
0.010862,0.399326,0.159461,3.832917,0.015037,0.083976,130.341068,0.047785,2.389394,-1.84073,4.230124,0.399457,219.982292,36.776462,0.95446,0.003645,12000,F
0.00994,0.403638,0.162924,4.187202,0.004861,-0.048716,119.274005,0.137708,2.932917,-1.837695,4.770612,0.403744,295.076879,40.620116,1.184147,0.003685,12000,F
0.011475,0.400562,0.16045,3.903428,0.015007,0.004542,137.694217,0.034204,2.498705,-2.07774,4.576446,0.40071,217.761253,34.921696,1.001255,0.003657,12000,F
0.010138,0.391863,0.153557,3.625657,0.009562,-0.125545,121.655413,0.039256,2.885729,-1.932309,4.818038,0.391978,284.646168,38.664415,1.131142,0.003577,12000,F
0.010043,0.397711,0.158174,3.690485,0.009473,-0.010237,120.519097,0.073588,2.712568,-1.714757,4.427325,0.397821,270.088454,39.61073,1.079116,0.003631,12000,F
0.010087,0.392447,0.154014,3.804593,0.008908,-0.031648,121.048517,0.070107,3.045442,-1.957956,5.003397,0.39256,301.90621,38.915959,1.195518,0.003583,12000,F
0.011663,0.413646,0.171103,4.132231,0.007658,-0.031851,139.956079,0.069179,3.519879,-2.073396,5.593275,0.413793,301.798561,35.479087,1.456501,0.003776,12000,F
0.010045,0.395474,0.1564,3.503243,0.007807,0.050303,120.543792,0.071621,1.891155,-1.549689,3.440844,0.395585,188.262341,39.38006,0.748113,0.00361,12000,F
0.008455,0.405617,0.164525,4.263903,0.009473,0.011504,101.463426,0.055208,2.90483,-2.606268,5.511098,0.405688,343.551992,47.980457,1.178456,0.003703,12000,F
0.006237,0.397272,0.157825,5.580318,0.009235,0.046048,74.842291,0.211314,4.319334,-2.10666,6.425994,0.397304,692.549794,63.702628,1.71609,0.003627,12000,F
0.007243,0.402837,0.162277,3.862322,0.008075,0.002592,86.910712,0.001847,2.513165,-2.179495,4.69266,0.402885,346.99961,55.627432,1.012517,0.003677,12000,F
0.006984,0.401133,0.160908,5.48625,0.009443,-0.014746,83.813572,0.122266,3.976285,-2.409364,6.38565,0.401177,569.304285,57.438522,1.595195,0.003662,12000,F
0.006667,0.404087,0.163286,4.430005,0.004891,-0.113659,80.002842,0.014713,2.997361,-3.043454,6.040816,0.404125,449.588203,60.616564,1.211308,0.003689,12000,F
0.005737,0.404419,0.163554,5.085615,0.004385,0.066515,68.847354,0.102004,3.246332,-2.697252,5.943584,0.404443,565.831246,70.493785,1.312955,0.003692,12000,F
0.006478,0.405653,0.164555,3.612937,0.008164,-0.03656,77.738481,-0.027844,2.525185,-1.709104,4.234289,0.405688,389.79697,62.623514,1.024438,0.003703,12000,F
0.007818,0.419304,0.175816,4.693819,0.005456,-0.085667,93.81882,0.177612,3.169927,-2.301659,5.471586,0.419359,405.453023,53.638581,1.329338,0.003828,12000,F
0.008573,0.40603,0.164861,4.360864,0.007361,0.020617,102.87924,0.095373,3.443831,-2.407817,5.851648,0.406104,401.693944,47.368622,1.398553,0.003707,12000,F
0.009262,0.403102,0.162491,3.799391,0.005695,-0.009674,111.149844,0.076951,2.936666,-2.278095,5.214761,0.403191,317.049364,43.529477,1.184038,0.00368,12000,F
0.010423,0.409318,0.167541,3.95584,0.008938,-0.07944,125.074418,0.050947,2.56672,-2.379374,4.946094,0.409434,246.258527,39.282248,1.050902,0.003737,12000,F
0.010322,0.406108,0.164924,5.333756,0.010276,0.007998,123.862054,0.10168,3.661978,-2.479164,6.141142,0.406222,354.779613,39.355629,1.487577,0.003707,12000,F
0.010589,0.401854,0.161486,4.305209,0.013549,0.025856,127.071065,0.027512,3.444128,-2.114039,5.558167,0.401977,325.247435,37.960794,1.384459,0.003668,12000,F
0.009662,0.408104,0.166549,3.914131,0.00986,0.005412,115.942116,0.052877,2.376838,-2.227873,4.604711,0.408201,246.002575,42.248808,0.970229,0.003725,12000,F
0.00985,0.411918,0.169677,3.922705,0.006974,-0.072332,118.198563,0.03397,2.834138,-1.816214,4.650352,0.412019,287.733215,41.829828,1.167718,0.00376,12000,F
0.009181,0.416964,0.173859,5.941319,0.008551,0.056093,110.167944,0.27438,3.844778,-2.121655,5.966434,0.417048,418.790976,45.426782,1.603457,0.003806,12000,F
0.008977,0.401122,0.160899,3.858646,0.010485,-0.059314,107.724829,0.01376,3.171296,-1.760933,4.932229,0.401206,353.266262,44.692267,1.272341,0.003662,12000,F
0.007998,0.404913,0.163955,3.941027,0.008462,-0.007066,95.975476,0.094249,3.122977,-1.966525,5.089502,0.404976,390.471899,50.634884,1.26473,0.003696,12000,F
0.009061,0.412378,0.170055,4.007477,0.008997,0.049439,108.735231,0.021697,2.944877,-2.179792,5.12467,0.41246,324.996121,45.518999,1.214644,0.003764,12000,F
0.009591,0.424386,0.180103,5.15933,0.007301,-0.049568,115.09446,0.197706,3.351716,-2.27024,5.621957,0.424476,349.457254,44.256847,1.422725,0.003874,12000,F
0.010799,0.402147,0.161722,4.70338,0.011318,0.040248,129.587372,0.105251,3.45353,-1.921717,5.375247,0.402275,319.802459,37.251339,1.38927,0.003671,12000,F
0.011949,0.414674,0.171954,5.330204,0.011348,0.002897,143.386569,0.127179,4.493864,-2.25947,6.753334,0.414829,376.090786,34.716945,1.864183,0.003785,12000,F
0.012928,0.407571,0.166114,3.826761,0.014442,-0.003984,155.138778,0.01928,2.295732,-2.169736,4.465468,0.407759,177.575125,31.54021,0.936106,0.003721,12000,F
0.012407,0.405111,0.164115,3.711421,0.015662,-0.078721,148.888503,0.056571,2.669189,-1.798957,4.468146,0.405284,215.129189,32.664781,1.08178,0.003698,12000,F
0.012838,0.404237,0.163408,3.764041,0.013311,0.010101,154.057623,0.070701,2.595818,-1.749925,4.345743,0.404424,202.195903,31.501799,1.049812,0.00369,12000,F
0.010965,0.397904,0.158328,4.157245,0.010306,-0.049815,131.582471,0.017689,2.478652,-2.077145,4.555797,0.398039,226.047018,36.300179,0.9866,0.003632,12000,F
0.010447,0.40253,0.16203,4.068922,0.008372,0.065087,125.36058,0.118319,3.613897,-1.804134,5.418031,0.402649,345.936232,38.543103,1.455131,0.003675,12000,F
0.009507,0.404172,0.163355,4.275621,0.007569,-0.004163,114.088997,0.091605,3.1034,-2.119394,5.222794,0.404267,326.418847,42.521182,1.254601,0.00369,12000,F
